id,Tên sản phẩm,Giá
<built-in function id>,Son Mychi Lip Stick - son kem lỳ Mychi chính hãng,80000
<built-in function id>,Bảng Son Lì Ohui Rouge Real 10 màu,390000
<built-in function id>,Son môi thỏi lì cao cấp LOREN LIPSTICK trôi lâu mềm mịn môi có 10 màu lựa chọn,250000
<built-in function id>,[Freeship10k đơn 249k] Son kem lì nhiều dưỡng GLAMRR Q LONG WEAR LIP CREAM 5g by Gilaa,185000
<built-in function id>,Son lì dạng thỏi Flawsome Creamy Lip Stain (2g) Good Times (Màu Cam Hồng Đất),179000
<built-in function id>,"Son Kem Lì Mỏng Nhẹ Mềm Môi Belips Sexy Lipstick  100% thiên nhiên không chì, an toàn cho cả mẹ bầu",330000
<built-in function id>,Son Kem Lì Mỏng Nhẹ Mềm Môi Belips Sexy Lipstick 100% thiên nhiên,249000
<built-in function id>,Son Kem Lì it's Well plus Lip Velvet Semi Matte (8g) - LIP-V3 Presto,98000
<built-in function id>,Set son quà tặng Belips 5 thỏi Full Of Love ,2000000
<built-in function id>,SON KEM M.O.I PHIÊN BẢN MÙA LỄ HỘI HỒ NGỌC HÀ (2024),360050
<built-in function id>,Son kem lì Bbia Last Velvet Lip Tint Version 3 5g (5 màu),150000
<built-in function id>,Son kem lì Bbia Last Velvet Lip Tint - 25 Final Note 5g (màu cam nâu đất),150000
<built-in function id>,Son kem lì Bbia Last Velvet Lip Tint Version 8 5g (5 màu),150000
<built-in function id>,Son kem lì Bbia Last Velvet Lip Tint Version 1 5g (5 màu),150000
<built-in function id>,Son kem lì Bbia Last Velvet Lip Tint - 20 More Mature 5g (Màu hồng đỏ đất),150000
<built-in function id>,Son kem lì Bbia Last Velvet Lip Tint - 19 More Dazzling 5g (Màu đỏ ánh hồng cánh sen),150000
<built-in function id>,Son kem lì Bbia Last Velvet Lip Tint - 18 More Cheerful 5g (Màu hồng tươi),150000
<built-in function id>, Son Kem Lì Bbia Last Velvet Lip Tint - Dusk Edition (3 màu) 5g,150000
<built-in function id>,Son Kem Lì Bbia Last Velvet Lip Tint Version 5,150000
<built-in function id>,Set 3 Cây Son Kem Lì Herorange Fluffy Lip Glaze,45000
<built-in function id>,Son Môi M.O.I Nhung Lì Sgirl SUMMER EDITION Hồ Ngọc Hà (2021),199000
<built-in function id>,Set son 2 tầng HengFang (5 sáp & 5 kem),175000
<built-in function id>,Son Kem Hojo Smooth Lip Glair,55000
<built-in function id>,Set Son Kem Lì 4 Cây Daishiao Matte(Tặng 1 hộp phấn mắt xinh xắn tiện lợi),65000
<built-in function id>,Set 5 Cây Son Kem Lì VONGEE Mịn Mượt Như Nhung Và Không Khô Môi,59000
<built-in function id>,"Son Kem Siêu Lì, Mịn Môi 3CE Cloud Lip Tint",299000
<built-in function id>,Bảng Son Lì Ohui Rouge Real 10 màu,390000
<built-in function id>,Son kem lì Bbia Last Velvet Lip Tint - 24 Trendy Note 5g (màu hồng đất ánh cam nhẹ),150000
<built-in function id>,Son Lì Herorange Mềm Mịn Chống Thấm Nước Khô Môi Lâu Trôi,38000
<built-in function id>,Son Kem Lì Bbia Last Velvet Lip Tint - 16 More Graceful 5g (Màu hồng đào sữa),150000
<built-in function id>,Son kem lì Bbia Last Velvet Lip Tint - 17 More Pleasant 5g (Màu cam san hô),150000
<built-in function id>,Set Son Quà Tặng BELIPS Son Kem Lì FULL OF LOVE (Phiên Bản Giới Hạn),1225000
<built-in function id>,Son Kem Lì Bbia Last Velvet Lip Tint ASIA EDITION Version 2 (6 Màu) 5g Bbia Official Store,150000
<built-in function id>,Son Kem FOX Hydrating Lip Polish 7ml,304000
<built-in function id>,Set son quà tặng  Belips hộp hoa hồng,399000
<built-in function id>,Son môi Belips son kem lì City At Night mỏng nhẹ mềm môi Soft Matte Lipstick,330000
<built-in function id>,Son Kem Bóng Maybelline Super Stay Vinyl Ink 4.2ml,240000
<built-in function id>,Son kem lì Aprilskin Mood Blurring Lip Tint 4g,119000
<built-in function id>,Son xăm lì siêu mịn không trôi Mira Aroma Tattoo Liptint Hàn Quốc 6g tặng kèm móc khoá,139000
<built-in function id>,Set 5 Son Kem Lì Thỏ LEADUU lâu trôi mềm mịn,75000
<built-in function id>,Son kem nhung lì Whoo GJH Mi Velvet Liquid Lip Rouge minisize,229000
<built-in function id>,Son kem Bbia Smudge Tint (6 màu) 3g,160000
<built-in function id>,Son xăm lì siêu mịn không trôi Mira Aroma Tattoo Liptint Hàn Quốc 6g No.2 Sweet Tomato tặng kèm móc khoá,139000
<built-in function id>,Son Mychi Lip Stick - son kem lỳ Mychi chính hãng,80000
<built-in function id>,Son môi thỏi lì cao cấp LOREN LIPSTICK trôi lâu mềm mịn môi có 10 màu lựa chọn,250000
<built-in function id>,Son Kem Mac Powder Kiss Liquid Lipcolour 989 Mull It Over 5ml,750000
<built-in function id>,"Son kem lì mềm, lâu trôi MAC Locked Kiss Ink",590000
<built-in function id>,Son Kem Nhung Lì Mượt Lâu Trôi V9Queen Siêu Mịn Không Khô Môi Màu Đỏ Hồng V9 Hera 5ml,98000
<built-in function id>, Son PK Phấn Nụ Hoàng Cung màu đỏ cherry/ hồng ruby/cam đất,400400
<built-in function id>,Son Kem Lì Bbia Last Velvet Lip Tint Version 8 - #39 Feign Longing (Màu Đỏ Ớt) 5g - Bbia Official Store,150000
<built-in function id>,Son xăm lì siêu mịn không trôi Mira Aroma Tattoo Liptint Hàn Quốc 6g No.1 Real Red tặng kèm móc khoá,139000
<built-in function id>,Son kem nhung lì Whoo GJH Mi Velvet Liquid Lip Rouge 6g,716000
<built-in function id>,Son kem lì Belips City At Night mỏng mịn mềm môi Soft Matte Lipstick,245000
<built-in function id>,Son Kem Lì Mịn Môi GRLBOSS Demi Matte Lip Cream Australis Úc,206250
<built-in function id>,Son Kem Black Rouge Muddish Cushion Velvet 4g,219000
<built-in function id>,Son kem lì Belips City At Night màu C01 Muse Orange,330000
<built-in function id>,Son lì Belips mềm môi City At Night màu C05 Swettie Baby,265000
<built-in function id>,Son Nước LIPGLOSS PK - Phấn Nụ Hoàng Cung,320000
<built-in function id>,Son kem lì Belips City At Night màu C02 Sexy Red,330000
<built-in function id>,Son kem lì Belips City At Night màu C03 Night Party,330000
<built-in function id>,Son kem lì Belips City At Night màu C04 Hot Cherry,330000
<built-in function id>,Son kem lì Belips City At Night màu C05 Swettie Baby,330000
<built-in function id>,Son lì Belips mềm môi City At Night màu C02 Sexy Red,265000
<built-in function id>,Set Son Belips Bộ Quà Tặng Bạn Gái Sang Trọng Quyến Rũ Đẳng Cấp Phiên Bản Vỏ Đen Truyền Thống,859000
<built-in function id>,Sét son Belips 3 son kem lì bộ quà tặng bạn gái sang trọng,859000
<built-in function id>,SON KEM LÌ VACOSI MATTE INK MỊN MÔI PHIÊN BẢN UNIVERSE,259000
<built-in function id>,Son lì Belips mướt mềm môi City At Night màu C01 Muse Orange,265000
<built-in function id>,Son Kem Bóng Baby Bright Sweet Cafe Shiny Tint 2.8g,89000
<built-in function id>,Bộ đôi son kem lì mỏng mịn mềm môi City At Night C01 Muse Orange + C02 Sexy Red,499000
<built-in function id>,Hộp quà tặng son kem Belips hộp hoa hồng 1 son,355000
<built-in function id>,(TẶNG 1 SON) Son môi kem lì HA:PY Matte Lip Cream phiên bản nâng cấp HAPY Roses MiniGarden son lì lâu trôi kháng nước,269000
<built-in function id>,Son kem lì HA:PY Matte Lip Cream bám màu lâu trôi 3.5ml - Phiên bản son Roses mẫu mới,159000
<built-in function id>,Son kem hữu cơ dưỡng ẩm - naturaglacé LIQUID ROUGE,888000
<built-in function id>,Son xăm lì siêu mịn không trôi Mira Aroma Tattoo Liptint Hàn Quốc 6g tặng kèm móc khoá,139000
<built-in function id>,"son kem belly Bám màu được 8- 12h Có thành phần kháng nước của Mỹ, không trôi khi rửa nước Không gây thâm môi Không chất cấm",170000
<built-in function id>,Son kem lì FOCALLURE velvet smooth 2.4g,99000
<built-in function id>,Son Absolute NewYork Velvet Lippie AVL16 - Maneeter (3g),179000
<built-in function id>,Son Kem Lì Mịn Môi PEKAH WINSOME COTTON TINT  Son kem lì Hàn Quốc 4.5g,175000
<built-in function id>,Son tẩy tế bào chết chuẩn thực phẩm Coboté 5g,95000
<built-in function id>,Son kem Nars Airmatte Lip Color,590000
<built-in function id>,Son Kem Lì Black Rouge Mịn Môi Air Fit Velvet Tint Mood Filter 36.6g,215000
<built-in function id>,Son kem VACOSI matte lip cream mềm mại căng mướt 7g,236000
<built-in function id>,"Son Kem Lì myKella Thuần Chay, Mịn Mượt, Dưỡng Môi Chống Thâm - KISSABLE MATTE LIP CREAM 5ml",299000
<built-in function id>,Son Bourjois Rouge Edition Velvet Lipstick,299000
<built-in function id>,"Son Tint Dạng Kem Bóng Daisy Doll Nhật Bản Cho Đôi Môi Mọng Nước, Căng Mướt BR-01 Orange Brown 5g",299000
