Title,Price,Date
Tai nghe In Ear Remax RM330 - Hàng chính hãng,200.0,2024-06-14
"Son Kem Lì Mỏng Nhẹ Mềm Môi Belips Sexy Lipstick  100% thiên nhiên không chì, an toàn cho cả mẹ bầu",330.0,2024-06-16
Apple iPad Air 6 M2 13-Inch Wi-Fi,23.990.000,2024-06-17
Apple iPad Air 6 M2 13-Inch Wi-Fi,23.990.000,2024-06-17
Apple iPad Air 6 M2 13-Inch Wi-Fi,23.990.000,2024-06-17
Máy Tính Bảng Samsung Galaxy Tab A7 Lite T225 3GB/32GB - Hàng Chính Hãng,3.139.000,2024-06-17
Máy Tính Bảng Samsung Galaxy Tab A7 Lite T225 3GB/32GB - Hàng Chính Hãng,3.139.000,2024-06-17
Máy Tính Bảng Samsung Galaxy Tab A7 Lite T225 3GB/32GB - Hàng Chính Hãng,3.139.000,2024-06-17
Máy Tính Bảng Samsung Galaxy Tab A7 Lite T225 3GB/32GB - Hàng Chính Hãng,31390.0,2024-06-17
"Apple iPad Air (5th Gen) Wi-Fi, 2022",139900.0,2024-06-17
